{
  "rules": {
    "class-name": true,
    "curly": true,
    "eofline": false,
    "forin": true,
    "indent": [ true, 4 ],
    "label-position": true,
    "max-line-length": [ true, 220 ],
    "no-arg": true,
    "no-bitwise": true,
    "no-console": [
      false,
      "log",
      "error"
    ],
    "no-construct": true,
    "no-debugger": true,
    "no-duplicate-variable": true,
    "no-empty": true,
    "no-eval": true,
    "no-string-literal": false,
    "no-trailing-whitespace": false,
    "no-use-before-declare": true,
    "one-line": [
      true,
      "check-open-brace",
      "check-whitespace"
    ],
    "quotemark": [ true, "single", "avoid-escape" ],
    "radix": true,
    "semicolon": [ true, "always" ],
    "triple-equals": [ true, "allow-null-check" ],
    "variable-name": [ true, "ban-keywords", "check-format", "allow-leading-underscore", "allow-pascal-case" ],
    "whitespace": [
      true,
      "check-branch",
      "check-decl",
      "check-operator",
      "check-separator"
    ],
    "member-ordering": [
      true,
      { "order": "fields-first" }
    ],
    "no-shadowed-variable": true,
    "no-consecutive-blank-lines": [ true, 2 ],
    "interface-name": [ true, "always-prefix" ]
  }
}